source,title,author,description,url,keyword_match
Digital Journal,Review: A taste of Brazilian cuisine at Berimbau NYC in Midtown,Markos Papadatos,"On Sunday, November 30th, this journalist had the opportunity to dine at Berimbau NYC for dinner at its Midtown location.
The post Review: A taste of Brazilian cuisine at Berimbau NYC in Midtown appeared first on Digital Journal.",https://www.digitaljournal.com/life/review-a-taste-of-brazilian-cuisine-at-berimbau-nyc/article,cheese
Biztoc.com,Latest cheese recalls gets FDA’s most serious warning,thestreet.com,,https://biztoc.com/x/7a033229263ba237,cheese
BBC News,Greek sheep and goat cull raises fears of feta cheese shortage,,Livestock is being culled across the country due to an infectious disease outbreak.,https://www.bbc.com/news/articles/cgex9d0212xo,cheese
ComicBook.com,"Every Arnold Schwarzenegger ’80s Movie, Ranked",Ben Hathaway,"images courtesy of Universal Pictures, 20th Century Studios, and Orion Pictures
Outside of his time serving as the governor of California, Arnold Schwarzenegger has been remarkably consistent in making movies. The 1970s had Hercules in New York, Stay Hungry, …",http://comicbook.com/movies/list/every-arnold-schwarzenegger-80s-movie-ranked/,cheese
Biztoc.com,These Amazon Cyber Monday Outlet Deals Are Flying Under the Radar—We Found Discounts Up to 68%,allrecipes.com,,https://biztoc.com/x/26ea840c4f91a895,cheese
Biztoc.com,"OPEC+ holds oil output steady, agrees capacity mechanism",reuters.com,,https://biztoc.com/x/5dfb595af91860fd,cheese
Biztoc.com,‘Zootopia 2’ Gives Disney Another Thanksgiving Hit,barrons.com,,https://biztoc.com/x/5af8784e29e8bc36,cheese
Biztoc.com,China Factory Activity Extends Streak of Declines,bloomberg.com,,https://biztoc.com/x/f938f6ea87e0dd44,cheese
Biztoc.com,This AI Infrastructure Play Could Double Your Money,finance.yahoo.com,,https://biztoc.com/x/f4699bbda2cc8e85,cheese
Biztoc.com,Why investors should hope this Cyber Monday is a down day for retail stocks,marketwatch.com,,https://biztoc.com/x/dc02761c0e8a4777,cheese
Biztoc.com,The World Watches as Australia Prepares for Youth Social Media Ban,bloomberg.com,,https://biztoc.com/x/a2c51557bd2cf720,cheese
Biztoc.com,"Deutsche Telekom and Schwarz Group to build AI data centre, German newspaper reports",reuters.com,,https://biztoc.com/x/16feff3da3c95609,cheese
Biztoc.com,India’s Quiet Deregulation Is a Relief to Its Friends,bloomberg.com,,https://biztoc.com/x/48c0036437371dbf,cheese
Biztoc.com,CFOs Need a Better Reason to List Their Companies in London,bloomberg.com,,https://biztoc.com/x/65ac3134a425cb1f,cheese
POLITICO.eu,Inside the wild launch of Jeremy Corbyn’s ‘Your Party’,Bethany Dawson,"High-profile splits, leftist idealism — and finally, a name. Welcome to Britain's newest political outfit.",https://www.politico.eu/article/inside-wild-launch-uk-jeremy-corbyn-your-party/,cheese
Bleeding Cool News,Jazwares Debuts Jump-Scare Five Nights at Freddy's Freddy Fazbear,Tyler Roberts,"Jazwares has unveiled a brand new addition to their Five Nights at Freddy's collection, as Freddy is alive and ready to haunt your collection. Freddy Fazbear is the central figure and mascot of the hit Five Nights at Freddy's franchise, and is an animatronic …",https://bleedingcool.com/collectibles/jazwares-debuts-jump-scare-five-nights-at-freddys-freddy-fazbear/,cheese
Biztoc.com,FBI issues urgent warning to iPhone users about dangerous scam,thestreet.com,,https://biztoc.com/x/91ef7e1148575e96,cheese
Biztoc.com,How Is Aon's Stock Performance Compared to Other Insurance Stocks?,barchart.com,,https://biztoc.com/x/97a162b442b581c1,cheese
Biztoc.com,'Zootopia 2' roars to record-setting global box office with $556M opening,apnews.com,,https://biztoc.com/x/62111c5c958f811f,cheese
Biztoc.com,Litigation Finance Hits a Wall After Bets on Huge Gains Falter,bloomberg.com,,https://biztoc.com/x/e5a8b91c0e072827,cheese
Biztoc.com,Is Phillips 66 Stock Underperforming the Nasdaq?,barchart.com,,https://biztoc.com/x/a2adeab3e1906245,cheese
Biztoc.com,Rubio Calls Ukraine Talks Productive as Witkoff Heads to Russia,bloomberg.com,,https://biztoc.com/x/1b4f8688c0f018e6,cheese
Biztoc.com,Iconic 100-year-old restaurant unexpectedly closing for good,thestreet.com,,https://biztoc.com/x/e8dab1f7a057ed57,cheese
Biztoc.com,Tesla’s Cybertruck is turning 2. It’s been a big flop,marketwatch.com,,https://biztoc.com/x/aab07b314ba4c133,cheese
Biztoc.com,Latest cheese recalls gets FDA's most serious warning,thestreet.com,"Food recalls are increasingly frequent as manufacturers, suppliers, and retailers work to remove contaminated products from shelves before they reach consumers. From dairy and deli meats to ready-to-eat meals and baked goods, recent recalls show how even trus…",https://biztoc.com/x/26ba415bd7bed04b,cheese
Biztoc.com,Pope Leo XIV doubles down on insistence for 2-state solution to resolve Israeli-Palestinian conflict,apnews.com,,https://biztoc.com/x/dd02a42d232a4cb3,cheese
Marca,Klay Thompson's father gives Megan Thee Stallion a new nickname for her culinary skills on Thanksgiving,NICOLE SOMMA,"Klay Thompson and his family shared Thanksgiving with the Dallas Mavericks star&apos;s girlfriend, Megan Thee Stallion. And she shined. 
The rapper prepared the entire meal for her",https://www.marca.com/en/basketball/nba/dallas-mavericks/2025/11/30/692c9d4e268e3eef6d8b45a5.html,cheese
Thebulkheadseat.com,Lounge Review: British Airways Galleries First Lounge (LHR – T5 South),The Bulkhead Seat,"We flew United Airlines from Newark Liberty International Airport (EWR) after visiting family in…
The post Lounge Review: British Airways Galleries First Lounge (LHR – T5 South) appeared first on The Bulkhead Seat.",https://thebulkheadseat.com/lounge-review-british-airways-galleries-first-lounge-lhr-t5-south/,cheese
Pinterest.com,"Crack Chicken Crescent Ring Recipe - a fun and delicious appetizer or easy dinner made with chicken, cheddar cheese, ranch dressing, crispy bacon, and crescent rolls. Baked until golden and gooey—perfect for parties, game day, or family night!",,"Crack Chicken Crescent Ring Recipe - a fun and delicious appetizer or easy dinner made with chicken, cheddar cheese, ranch dressing, crispy bacon, and crescent rolls. Baked until golden and gooey—perfect for parties, game day, or family night!",https://www.pinterest.com/pin/176273772911328477/,cheese
Twistedsifter.com,"A Teenager’s Mom Never Touched The Mother’s Day Cake She Made Her, So Now She Wants to Throw It Away In Frustration And Anger",Matthew Gilligan,She went to all that trouble for nothing...,http://twistedsifter.com/2025/11/a-teenagers-mom-never-touched-the-mothers-day-cake-she-made-her-so-now-she-wants-to-throw-it-away-in-frustration-and-anger/,cheese
New Atlas,Tuneable perovskite: A breakthrough in low-cost solar and laser materials,Malcolm Azania,"Perovskites may sound like perogies or piroshkis, but no high-carb-cheese-and-potato-flavor-pocket can do what they do. They’re minerals that can do the same party trick as many of your favorite childhood toys and models (such as the classic AMT Interplanetar…",https://newatlas.com/energy/nanoscopic-layers-perovskites-lasers-solar-cells/,cheese
disneyfoodblog.com,REVIEW: I Know Someone Will Love This Hot Dog at Magic Kingdom. It’s Just Not Me.,Jasmine Kocon,"Since it had been a while since we had the Chicago dog at Casey's before, we decided it was time to give it a taste test!",https://www.disneyfoodblog.com/2025/11/30/review-i-know-someone-will-love-this-hot-dog-at-magic-kingdom-its-just-not-me/,cheese
Pinterest.com,"Sausage Biscuit Muffins Recipe - soft, fluffy biscuits loaded with cooked sausage and cheddar cheese,and baked until golden brown! Great for breakfast, brunch, or served with soup or salad for lunch or dinner. Easy to make and freezer-friendly!",,"Sausage Biscuit Muffins Recipe - soft, fluffy biscuits loaded with cooked sausage and cheddar cheese,and baked until golden brown! Great for breakfast, brunch, or served with soup or salad for lunch or dinner. Easy to make and freezer-friendly!",https://www.pinterest.com/pin/273171533644773726/,cheese
Askubuntu.com,Webcamera on Dell Latitude 5550 Not Working,Dennis,"Integrated web camera on my Dell Latitude 5550 is not working. Cheese shows a picture of a camera with a slash through it. Discord also does not find the camera. This is where I have gotten with respect to debugging the problem:
ls /dev/video*
/dev/video0 /de…",https://askubuntu.com/questions/1560308/webcamera-on-dell-latitude-5550-not-working,cheese
Biztoc.com,Major cheese brands pulled nationwide after contamination risk,cleveland.com,"WEST CALDWELL, New Jersey — A New Jersey cheese distributor has recalled several popular grated cheese products sold under several national brands after federal testing detected listeria monocytogenes, the U.S. Food and Drug Administration (FDA) announced thi…",https://biztoc.com/x/975bceb221075fa1,cheese
Bleeding Cool News,WWE Survivor Series Review: Giving Thanks for the Greatest PLE Ever,Chad McMahon,"Auughh man! So unfair!  The Chadster has been through absolute HELL this past week, all thanks to Tony Khan's obsession with The Chadster, but The Chadster wasn't going to let that cheese ball stop The Chadster from witnessing the absolute perfection th…",https://bleedingcool.com/tv/wwe-survivor-series-review-giving-thanks-for-the-greatest-ple-ever/,cheese
Biztoc.com,Cheese sold at Pennsylvania grocery stores recalled over possible listeria contamination,wpxi.com,"Cheese sold at grocery stores in Pennsylvania was just recalled because it may be contaminated with Listeria.
The FDA announced the voluntary recall of Locatelli Grated Pecorino Romano Cheese with Wegmans’ scale labels on Wednesday.
FDA officials say the prod…",https://biztoc.com/x/7f13b7c305b78b34,cheese
Slickdeals.net,"Quest Nutrition Cheese Crackers, Cheddar Blast, 10g Protein, 5g Net Carbs, 1g Sugar, Made with Real Cheese, 12 Packs (1.06 oz bags) & More~$16.42 With S&S @ Amazon",hocuspocusblade,"https://www.amazon.com/Quest-Nutrition-Crackers-Cheddar-Protein/dp/B0B5M5YB9G/ref=sr_1_1?crid=23L2B9... [amazon.com]

Quest Nutrition Cheese Crackers, Spicy Cheddar Blast, 10g of Protein, Low Carb, Ma",https://slickdeals.net/f/18905260-quest-nutrition-cheese-crackers-cheddar-blast-10g-protein-5g-net-carbs-1g-sugar-made-with-real-cheese-12-packs-1-06-oz-bags-more-16-42-with-s-s-amazon,cheese
ZDNet,I compared this subscription-free smart ring to my Oura and here's how it fared,Nina Raemont,"The Ultrahuman Ring Air is a well-rounded sleep and activity tracker, offering features that go head-to-head with the Oura Ring.",https://www.zdnet.com/article/i-compared-this-subscription-free-smart-ring-to-my-oura-and-heres-how-it-fared/,cheese
Pinterest.com,"Cane's Chicken Dip Recipe - Creamy, cheesy, and loaded with flavor! Made with crispy fried chicken fingers, cream cheese, cheddar, bacon, and Cane’s famous dipping sauce. Perfect for parties, game day, or anytime you need an easy, crowd-pleasing appetizer! (INGREDIENTS: Fried chicken fingers, bacon, cream cheese,raising cane's sauce, cheddar cheese)",,"Cane's Chicken Dip Recipe - Creamy, cheesy, and loaded with flavor! Made with crispy fried chicken fingers, cream cheese, cheddar, bacon, and Cane’s famous dipping sauce. Perfect for parties, game day, or anytime you need an easy, crowd-pleasing appetizer! (I…",https://www.pinterest.com/pin/273171533644773039/,cheese
Touringplans.com,SATURDAY SIX Presents: The 2025 TURKEY ADDENDUM – How It Came Together and Examining ALL of This Year’s Easter Eggs,Derek Burgan,"Generally speaking, a few months before November the SAT SIX Fun Squad and myself will start to brainstorm what the head",https://touringplans.com/blog/saturday-six-presents-the-2025-turkey-addendum-how-it-came-together-and-examining-all-of-this-years-easter-eggs/,cheese
HuffPost,These Foolproof Gifts Will Please Even The Pickiest Person On Your List,Lourdes Avila Uribe,"Tech gadgets, practical kitchen items, luxe cashmere goods and other universally adored presents.",https://www.huffpost.com/entry/foolproof-holiday-gifts-people-hard-to-shop-for-2025-ud_l_692bc725e4b05a7b18768204,cheese
CNET,10 Healthy Habits You Should Follow If You Want Strong Eyes As You Get Older,Mandy Sleight,"To protect your eye health and support your vision, these are 10 simple things you can do every day for your eyes.",https://www.cnet.com/health/personal-care/10-healthy-habits-you-should-follow-if-you-want-strong-eyes-as-you-get-older/,cheese
Onehundreddollarsamonth.com,My Goals For 2025 Week 48 of 52,Mavis Butterfield,"<table><tr><td></td></tr><tr><td></td><td></td></tr><tr><td></td><td></td></tr></table>
Online Things I am currently at 19,990 “sales” on Etsy!! I’m SO CLOSE. Only 10 more to go until I hit my goal of 20,000 sales. This past week I dyed a little wool, made a…",https://www.onehundreddollarsamonth.com/my-goals-for-2025-week-48-of-52/,cheese
The New Yorker,"“Safety,” by Joan Silber",Joan Silber,"Fiction by Joan Silber, the author of “Mercy” and “Improvement”: It horrified me to be from a species that did such things, over and over, but what good did my horror do?",https://www.newyorker.com/magazine/2025/12/08/safety-fiction-joan-silber,cheese
Yahoo Entertainment,"Wash your clothes after flying, try a longevity diet and take up this 'grandma' hobby (and snack) — and 6 more health tips to help you have a great week",Natalie Rahhal,Want a better week? Start with these hacks for more restful sleep and nutritious eats.,https://health.yahoo.com/article/wash-your-clothes-after-flying-try-a-longevity-diet-and-take-up-this-grandma-hobby-and-snack--and-6-more-health-tips-to-help-you-have-a-great-week-100036077.html,cheese
Southernhospitalityblog.com,Family Thanksgiving 2025,Rhoda,"Family is really everything, isn't it? We had a wonderful Thanksgiving celebration with my family at our cousin, Brenda's, house in Suwanee, GA, which is about an hour from us. Atlanta is so spread out, so it's not easy to drop in anywhere fast, but we had a …",https://southernhospitalityblog.com/family-thanksgiving-2025/,cheese
CBC News,"Reducing ultra-processed food intake requires rethinking our 'food environment,' experts say",,"Experts say that an individual’s food environment is what plays a key role in determining how healthy they are, arguing that tackling issues like ultra-processed food consumption and obesity is more complicated than simply summoning the willpower to resist un…",https://www.cbc.ca/radio/whitecoat/ultra-processed-food-environment-9.6996697,cheese
Boston Herald,"The best things to do, see and eat at Disneyland during the holiday season",Todd Martens,"There's a reason crowds endure yearly price increases and jammed sidewalks at Disneyland each November through early January. It's the merriest time of the year — and arguably when the resort is at its glistening, glowing best.",https://www.bostonherald.com/2025/11/30/the-best-things-to-do-see-and-eat-at-disneyland-during-the-holiday-season/,cheese
Biztoc.com,Cheese products recalled due to listeria risk,newsnationnow.com,,https://biztoc.com/x/0d6f1a459c49072e,cheese
The Irish Times,Overheard: ‘Gary took no prisoners’: man who egged bankers during depths of crash dies,Karl McDonald,"Plus: a pub is mislocated, Irish cheese shuns Hollywood and Busáras looks in the mirror",https://www.irishtimes.com/ireland/2025/11/30/gary-took-no-prisoners-man-who-egged-bankers-during-depths-of-crash-dies/,cheese
The Irish Times,Oscar Wilde’s forgotten friend who nurtured him back from prison life on the French Riviera,Lanie Goodman,"Despite editor Frank Harris’s reputation as a rogue, the Irish literary light trusted him, as he approached his death 125 years ago",https://www.irishtimes.com/life-style/people/2025/11/30/oscar-wildes-forgotten-friend-who-nurtured-him-back-from-prison-life-on-the-french-riviera/,cheese
Twistedsifter.com,Grocery Store Employee Has Had Enough Of The New Manager’s Pedantic New Rules. So He Follows Them With Such Attention To Detail He’s Sure He Will Get Fired,Kyra Piperides,That makes it extra sweet.,http://twistedsifter.com/2025/11/grocery-store-employee-has-had-enough-of-the-new-managers-pedantic-new-rules-so-he-follows-them-with-such-attention-to-detail-hes-sure-he-will-get-fired/,cheese
The Times of India,Trump's pardon of ex-Honduran president Hernandez injects wild card into election,AP,"US President Donald Trump has dramatically entered Honduran politics just before a presidential election. He endorsed conservative candidate Nasry Asfura and announced a pardon for former President Juan Orlando Hernandez, who is serving a prison sentence in t…",https://economictimes.indiatimes.com/news/international/world-news/trumps-pardon-of-ex-honduran-president-hernandez-injects-wild-card-into-election/articleshow/125668661.cms,cheese
Peanutbutterrunner.com,Thankful in Florida,Jen,I am settled in back at home after a very special Thanksgiving in Florida. I cherish all of our trips to Florida but this one was extra meaningful because we had a bigger holiday crew this year. My cousin’s family came down and it was just the best to have a …,https://www.peanutbutterrunner.com/thankful-in-florida/,cheese
Survivalblog.com,Recipe of the Week:,James Wesley Rawles,"The following simple recipe for Onion Soup Gratinee is from The New Butterick Cook Book, copyright 1924, now in the public domain. That is just one of the dozens of bonus books included in the 2005-2025 20th Anniversary Edition of the waterproof SurvivalBlog …",https://survivalblog.com/2025/12/01/recipe-of-the-week-156/,cheese
Pinterest.com,"Mexican Chicken Orzo Recipe - a quick and easy weeknight dinner the whole family will love! Packed with tender chicken, cheesy orzo pasta, corn, black beans, Rotel tomatoes, and bold Tex-Mex flavor. It’s creamy, comforting, and perfect for busy nights. Great for meal prep and freezer-friendly too! (chicken, orzo, rotel, corn, black beans, sour cream, cream ​ ​of chicken soup, taco seasoning, chicken broth, cheese)",,"Mexican Chicken Orzo Recipe - a quick and easy weeknight dinner the whole family will love! Packed with tender chicken, cheesy orzo pasta, corn, black beans, Rotel tomatoes, and bold Tex-Mex flavor. It’s creamy, comforting, and perfect for busy nights. Great …",https://www.pinterest.com/pin/mexican-chicken-orzo-plain-chicken--436497388904694940/,cheese
Wellplated.com,What to Make This Week - 11.16.25 Meal Plan,Erin Clarke,"Weekly Meal Plan 11.30.25
If you're drowning in Thanksgiving leftovers, my Thanksgiving Leftovers Meal Plan has got you covered!
If you're looking to get back into routine of eating vegetables not coated in creamy cheese and butter, this week's meal plan has …",https://www.wellplated.com/weekly-meal-plan-11-30-25/,cheese
Lawyersgunsmoneyblog.com,Music Notes,Erik Loomis,"My big musical event in the last two weeks was seeing Richard Thompson at the Jane Pickens Theater in Newport, Rhode Island. This was my first time in that space, but my 6th time seeing RT, going back to 1996. It had been 3 years or so since I had seen him an…",https://www.lawyersgunsmoneyblog.com/2025/11/music-notes-230,cheese
CNA,Is full-fat dairy healthier? New research questions long-held beliefs on low-fat benefits,,Researchers say low-fat dairy recommendations lack strong evidence. Recent studies show mixed results on full-fat dairy's impact on health.,https://cnalifestyle.channelnewsasia.com/wellness/whole-milk-dairy-health-effects-474311,cheese
New Zealand Herald,Why Taiwan is Asia’s underrated food capital for travellers and foodies,Anna King Shahab,This foodie paradise is like no other on earth.,https://www.nzherald.co.nz/travel/why-taiwan-is-asias-underrated-food-capital-for-travellers-and-foodies/3GI6WLKW2NBFHJWB4COZ7PV7AY/,cheese
Freerepublic.com,Walmart shoppers rage after waiting hours for 65-inch Mac & Cheese box — only for it to sell out in seconds,NY Post,"These Black Friday shoppers are seeing red. Walmart customers were left fuming after finding out Kraft’s new limited-edition “Mac Friday Box” had sold out in seconds. The novelty item, designed to look like a 65-inch flat-screen, featured 65 boxes of classic …",https://freerepublic.com/focus/f-chat/4355202/posts,cheese
ComicBook.com,3 Most Unhinged Skyrim Side Quests That Haunt Me to This Day,Amanda Kay Oaks,"Courtesy of Bethesda
With so many new games to keep up with, I don’t often replay old favorites anymore. But once upon a time, I would start a new Skyrim save just about once a year and vanish into Tamriel for hours at a time. Like many RPG lovers, I’ve spent…",http://comicbook.com/gaming/list/3-most-unhinged-skyrim-side-quests-that-haunt-me-to-this-day/,cheese
Associated Press,Hondurans face election as Donald Trump stirs political waters,Christopher Sherman,"Hondurans are buzzing about U.S. President Donald Trump's recent involvement in their presidential election. Trump endorsed Nasry ""Tito"" Asfura from the conservative National Party and pardoned ex-President Juan Orlando Hernández. He was jailed in the U.S. fo…",https://apnews.com/article/honduras-trump-election-hernandez-pardon-9cd64d1055c3a60bca9390f4474efdd2,cheese
Financial Post,Trump’s pardon of ex-Honduran president Hernandez injects wild card into election,The Associated Press,"TEGUCIGALPA, Honduras (AP) — The day before Honduras elects a new president, suddenly the main topics of conversation here shifted from domestic matters to U.S. President Donald Trump and the former Honduran president he had pardoned. Trump cannonballed into …",https://financialpost.com/pmn/trumps-pardon-of-ex-honduran-president-hernandez-injects-wild-card-into-election,cheese
A Sea Of Blue,"Kentucky annihilated, obliterated, and eradicated by Louisville: 3 things to know and postgame boos",Nick Wheatley,A dark day for Kentucky football under Mark Stoops.,https://www.aseaofblue.com/kentucky-wildcats-football/154672/uk-annihilated-obliterated-eradicated-louisville-final-score-recap-mark-stoops,cheese
Dailyutahchronicle.com,Opinion: Make Swoop great again,"By Noah Wright, Opinion Writer","Swoop is a symbol of the University of Utah’s cultural and athletic legacy, an unelected trustee of the student body. The administration has allowed him to fall into disrepair. Swoop deserves better. If U President Taylor Randall is serious about his commitme…",https://dailyutahchronicle.com/2025/11/29/opinion-make-swoop-great-again/,cheese
Anime News Network,Naver WEBTOON Marks 20th Anniversary With Special Tribute Series,,"bumbae, Seok Cho draw commemorative webcomic titled 20th Anniversary Masterpiece Theater",https://www.animenewsnetwork.com/news/2025-11-29/naver-webtoon-marks-20th-anniversary-with-special-tribute-series/.231376,cheese
Averiecooks.com,December Seasonal Recipes,Averie Sunshine,"December Seasonal Recipes
 20 December Seasonal Recipes to make now include recipes with sweet potatoes, winter squash, broccoli, kale, cauliflower, pears, citrus fruits, apples, pears and more. Easy, simple, nourishing yet comforting recipes is where i…",https://www.averiecooks.com/december-seasonal-recipes/,cheese
Blogging The Boys,Big 3 on offense feast on Thanksgiving for Cowboys to extend win streak,Sean Martin,The Cowboys are really making a run at this thing.,https://www.bloggingtheboys.com/dallas-cowboys-roster/190296/big-3-offense-feast-thanksgiving-dak-prescott-george-pickens-ceedee-lamb,cheese
Fortworthreport.org,Celebrated Fort Worth chef unwraps newest restaurant in Mineral Wells,Scott Nishimura,"Mineral Wells is the latest venture for Stefon Rishel, who helmed the kitchens at Max’s Wine Dive, Wishbone & Flynt and Tre Mogli.",https://fortworthreport.org/2025/11/29/celebrated-fort-worth-chef-unwraps-newest-restaurant-in-mineral-wells/,cheese
Yahoo Entertainment,Jim Cramer Says “The New Consumer Just Isn’t Buying Kraft Heinz”,Syeda Seirut Javed,The Kraft Heinz Company (NASDAQ:KHC) is one of the stocks Jim Cramer recently talked about. When a caller mentioned that they have been pondering whether to ...,https://finance.yahoo.com/news/jim-cramer-says-consumer-just-175315773.html,cheese
Wired,The 70 Best Black Friday Outdoor Deals (2025),Scott Gilbertson,"Gear up for next year with these great deals on tents, packs, sleeping bags, and merino wool.",https://www.wired.com/story/best-black-friday-outdoor-deals-2025-1/,cheese
Pinterest.com,"Sausage Crescent Roll Breakfast Casserole Recipe - Flaky crescent rolls stuffed with sausage and cheese, baked in a fluffy egg custard, and topped with everything but the bagel seasoning. This casserole is a hearty and flavorful way to start the day! Perfect for weekends, holidays, or brunch with friends. (INGREDIENTS: sausage, cheese, crescent rolls, eggs, milk, heavy cream, onion powder, garlic powder, everything bagel seasoning)",,"Sausage Crescent Roll Breakfast Casserole Recipe - Flaky crescent rolls stuffed with sausage and cheese, baked in a fluffy egg custard, and topped with everything but the bagel seasoning. This casserole is a hearty and flavorful way to start the day! Perfect …",https://www.pinterest.com/pin/273171533644769728/,cheese
disneyfoodblog.com,"REVIEW: This EPCOT Festival of the Holidays Stop Has Cinnamon Donut Hard Cider. Yep, Add It to Your List.",Traci C,Check out our review of the holiday menu at Refreshment Port in EPCOT's Festival of the Holidays!,https://www.disneyfoodblog.com/2025/11/29/review-this-epcot-festival-of-the-holidays-stop-has-cinnamon-donut-hard-cider-yep-add-it-to-your-list/,cheese
SB Nation,"Tottenham Hotspur vs. Fulham: game time, live blog, and how to watch online",Matty Flatt,Lilywhite vs Cottage (Cheese) White? I know which I prefer.,https://cartilagefreecaptain.sbnation.com/tottenham-hotspur-match-threads/67288/tottenham-hotspur-vs-fulham-game-time-live-blog-and-how-to-watch-online,cheese
TechRadar,"Sorry, ChatGPT and Gemini can't improve on my mom's handwritten Apple Pie recipe","lance.ulanoff@futurenet.com (Lance Ulanoff) , Lance Ulanoff",A handwritten recipe turns out to be better than anything the most popular AI can produce.,https://www.techradar.com/ai-platforms-assistants/sorry-chatgpt-and-gemini-cant-improve-on-my-moms-handwritten-apple-pie-recipe,cheese
Boston Herald,Why adults are scrambling for food-focused advent calendars — and paying $945,Tribune News Service,"The competition for these calendars can be fierce, and the prices high.",https://www.bostonherald.com/2025/11/29/adult-advent-calendars/,cheese
Niners Nation,The Golden Fool’s Mailbag: When should the 49ers bench Brock Purdy? Have the 49ers turned a corner at safety with Ji’Ayir Brown/Malik Mustapha?,Patrick Holloway,We’re back with a mailbag and (hopefully) full stomachs from overeating on Thursday.,https://www.ninersnation.com/general/153396/49ers-mail-bag-malik-mustapha-brock-purdy-kyle-shanahan,cheese
Rolling Out,How to spend Christmas Eve at these 15 Atlanta restaurants,David Kesiena,"Atlanta’s restaurant scene is transforming into a holiday wonderland this Christmas Eve, with dozens of establishments offering festive experiences ranging from elegant tasting menus to family-friendly celebrations. Whether you’re seeking refined coastal cuis…",https://rollingout.com/2025/11/29/atlanta-christmas-eve-restaurants-guide/,cheese
The Peoples Person,Patrick Dorgu’s huge potential mustn’t be ruined by Ruben Amorim,The Peoples Person,"As the Ruben Amorim era grinds relentlessly into its second year, there are still new things to learn about the Portuguese’s exhaustingly inflexible approach. Most recently, Manchester United’s he...",https://thepeoplesperson.com/2025/11/29/patrick-dorgus-huge-potential-mustnt-be-ruined-by-ruben-amorim-301662/,cheese
Iambaker.net,The Best Cranberry Recipes for the Holidays {and Beyond},Amanda Rettke,"Discover the best cranberry recipes for the holidays and beyond! Desserts, breads, drinks, sides, and savory dishes... 40+ ways to use fresh or leftover cranberries!",https://iambaker.net/best-cranberry-recipes/,cheese
Rolling Out,Megan Thee Stallion surprises Klay Thompson’s family,Jess Sobrevinas,"Megan Thee Stallion proved she’s more than just a powerhouse performer this Thanksgiving, taking on the role of head chef for boyfriend Klay Thompson and his entire family. The Houston rapper shared glimpses of her holiday cooking marathon on Friday, revealin…",https://rollingout.com/2025/11/29/megan-surprises-klay-family/,cheese
Raleigh News & Observer,Immigration agents seized a Raleigh business owner. His wife is 8 months pregnant.,Twumasi Duah-Mensah,The Department of Homeland Security said the owner was a “criminal illegal alien” convicted of felony larceny. He was never convicted.,https://www.newsobserver.com/news/politics-government/article313135672.html,cheese
New York Post,41 great books to gift this holiday season,Hailey Eber,"From juicy memoirs and delicious cookbooks to gripping novels and gorgeous coffee-table tomes, there's a great read for everyone on your Christmas list.",https://nypost.com/2025/11/29/lifestyle/41-books-to-gift-this-holiday-season/,cheese
ScienceAlert,"Your Poop Schedule Says a Lot About Your Overall Health, Study Shows",Michael Irving,"""How often do you poop?"" might sound like a very personal question, but your answer could reveal quite a lot about your overall health.",https://www.sciencealert.com/your-poop-schedule-says-a-lot-about-your-overall-health-study-shows,cheese
Iheartnaptime.net,Christmas Sugar Cookie Bars,Jamielyn Nye,"These Christmas sugar cookie bars taste like pure holiday comfort, soft, thick, and buttery with the light almond aroma of a bakery sugar cookie. The creamy frosting melts into each chewy bite, and the crunch of festive sprinkles adds the perfect finish. Swee…",https://www.iheartnaptime.net/christmas-sugar-cookie-bars/,cheese
The-independent.com,Wegmans cheese recalled across the east coast over listeria fears,Caitlin Hornik,Recall is the latest affecting cheese products,https://www.the-independent.com/life-style/wegmans-cheese-recall-pecorino-romano-listeria-b2874817.html,cheese
Monevator.com,Weekend reading: a dawning realisation,The Investor,"What caught my eye this week. Like many people, my immediate reaction to this week’s budget was a sense of relief. Not just on a personal level. Rather, given the litany of potential clangers leaked beforehand – and Rachel Reeves’ form with her hike in employ…",https://monevator.com/weekend-reading-a-dawning-realisation/,cheese
Howsweeteats.com,Currently Crushing On.,Jessica,"Hi hi! This week on the blog, I shared my favorite thanksgiving appetizer situation. I also shared a ton of recipes to make with your leftovers! And of course, my annual holiday baking list. All of my gift guides are live! You can find gifts for: Women Men Ki…",https://www.howsweeteats.com/2025/11/currently-crushing-on-601/,cheese
Wichita Eagle,"Cockroaches, mice, no sanitizer or hand-washing, filth at Wichita restaurants",Amy Renee Leiker,"NEW LIST: See the seven restaurants, stores and other businesses that failed recent health inspections in and around Wichita.",https://www.kansas.com/entertainment/restaurants/article312985054.html,cheese
Business Insider,"3 ways to add beans to your meals for protein, fiber, and flavor, according to a private chef-turned bean company CEO",kschewitz@businessinsider.com (Kim Schewitz),"If you're looking for an easy, cheap, and delicious way to add more protein and fiber to your diet, the answer is simple: beans.",https://www.businessinsider.com/3-ways-add-beans-meals-protein-fiber-private-chef-2025-11,cheese
Slickdeals.net,"[S&S] $9.41*: 56-Oz Blue Buffalo Health Bars Crunchy Dog Biscuits (Bacon, Egg & Cheese) at Amazon",phoinix,"Amazon [amazon.com] has *56-Oz Blue Buffalo Health Bars Crunchy Dog Biscuits *(Bacon, Egg & Cheese) for $9.91 - 5% when you check out via Subscribe & Save = *$9.41*. 
*Shipping is free* with Prime or...",https://slickdeals.net/f/18899620-s-s-9-41-56-oz-blue-buffalo-health-bars-crunchy-dog-biscuits-bacon-egg-cheese-at-amazon,cheese
Ozbargain.com.au,½ Price Philadelphia Cream Cheese Varieties 250g Block $2.85 @ Woolworths,nocure,NC's Famous Corn relish dip 250gm Philadelphia Cream Cheese 250gm Corn Relish 1 tbsp Chilli Flakes 1 tbsp Honey 100gm Chives,https://www.ozbargain.com.au/node/937446,cheese
Freerepublic.com,Utah's Beehive Cheese earns global recognition at World Cheese Awards,KSL,"KEY TAKEAWAYS * Beehive Cheese from Utah earned five bronze awards at the World Cheese Awards. * The event in Bern, Switzerland, featured 5,244 entries judged by 265 experts. * Beehive's award-winning cheeses include Apple Walnut Smoked and Barely Buzzed vari…",https://freerepublic.com/focus/f-chat/4355125/posts,cheese
Freerepublic.com,Boar’s Head cheese recalled over potential listeria contamination,CW39,"A supplier of Boar’s Head cheese has issued a recall due to the potential presence of Listeria, according to the Food and Drug Administration. “Boar’s Head took immediate action to halt the purchase of these products from The Ambriola Company, notify retail p…",https://freerepublic.com/focus/f-chat/4355124/posts,cheese
SoraNews24,Yoshinoya adds first-ever chain-wide ramen with new beef and pork-broth noodle hot pot meals,Casey Baseel,"Japan’s gyudon king now has Gyunikutama Ramen available too for the winter. Yoshinoya’s big thing is, and always has been, beef bowls, or, as they’re called in Japanese, gyudon. So strong is the connection between Yoshinoya and gyudon that when we were lookin…",https://soranews24.com/2025/11/30/yoshinoya-adds-new-beef-and-pork-broth-ramen-hot-pot-for-their-first-ever-chain-wise-noodle-meals/,pickles
TheJournal.ie,Money Diaries: An assistant lecturer on €46k working in Leinster,TheJournal.ie reader,"This week, our reader is finding their feet in a new job while paying off a car loan and saving for a mortgage.",https://www.thejournal.ie/readme/money-diaries-spending-saving-68-6886254-Nov2025/,buns
allears.net,12 Disney Stocking Stuffers For Less Than $10 On Amazon Today,Brian Delpozo,"Look no further for your stocking stuffers! 
The post 12 Disney Stocking Stuffers For Less Than $10 On Amazon Today appeared first on AllEars.Net.",https://allears.net/2025/11/30/12-disney-stocking-stuffers-for-less-than-10-on-amazon-today/,buns
Loudwire,Five Ex-Cradle of Filth Members Are Suing Dani Filth + Management,Jordan Blum,Ex-guitarist Ashok Šmerda and ex-keyboardist Zoe Federoff – both of whom previously called out Filth and The Oracle Management – are involved in the lawsuit. Continue reading…,https://loudwire.com/former-cradle-of-filth-members-suing-dani-filth-management/,buns
Thewoksoflife.com,Pork Ginger Carrot Bowls,Kaitlin,"These Pork and Ginger Carrot Bowls are easy to make and easy to eat! The ginger and carrot are great flavor companions, and with one pound each of ground pork and carrots, it’s a healthy one-pan meal!  One for the Meal Preppers A while ago, we were asked to m…",https://thewoksoflife.com/pork-ginger-carrot-bowls/,buns
New Zealand Herald,Why Taiwan is Asia’s underrated food capital for travellers and foodies,Anna King Shahab,This foodie paradise is like no other on earth.,https://www.nzherald.co.nz/travel/why-taiwan-is-asias-underrated-food-capital-for-travellers-and-foodies/3GI6WLKW2NBFHJWB4COZ7PV7AY/,buns
Fortworthreport.org,Celebrated Fort Worth chef unwraps newest restaurant in Mineral Wells,Scott Nishimura,"Mineral Wells is the latest venture for Stefon Rishel, who helmed the kitchens at Max’s Wine Dive, Wishbone & Flynt and Tre Mogli.",https://fortworthreport.org/2025/11/29/celebrated-fort-worth-chef-unwraps-newest-restaurant-in-mineral-wells/,buns
The Local Sweden,Inside Sweden: What a potluck julbord can teach us about immigration,Becky Waterton,The Local's Deputy Editor Becky Waterton rounds up the biggest stories of the week in our Inside Sweden newsletter.,https://www.thelocal.se/20251129/inside-sweden-what-a-potluck-julbord-can-teach-us-about-immigration,buns
TMZ,November 2025 Hot Shots ... Feast You Eyes!,TMZ Staff,"November was full of scrumptious snaps from the stars ... you're bound to be delighted after you see the gallery we've cooked up for ya'! Hailey Bieber hit the gram hard in a green thong bikini, Kylie Jenner planted her buns on the sand with her…",https://www.tmz.com/2025/11/29/november-hot-shots/,buns
Business Insider,The best Cyber Monday toy deals include up to 60% off classic and trending toys,insider@insider.com (Caitlyn Fitzpatrick),"We combed Cyber Monday toy deals to find the best prices on STEM toys, dolls, action figures, sports gear, board games, and arts and crafts.",https://www.businessinsider.com/guides/deals/cyber-monday-toy-deals-2025,meat
Digital Journal,Review: A taste of Brazilian cuisine at Berimbau NYC in Midtown,Markos Papadatos,"On Sunday, November 30th, this journalist had the opportunity to dine at Berimbau NYC for dinner at its Midtown location.
The post Review: A taste of Brazilian cuisine at Berimbau NYC in Midtown appeared first on Digital Journal.",https://www.digitaljournal.com/life/review-a-taste-of-brazilian-cuisine-at-berimbau-nyc/article,meat
New Zealand Herald,Auckland butchery Mapari Meats unveils ham and turkey Christmas sausage,Kim Knight,Pork and turkey? The new boutique banger that might just be the next Kiwi summer classic,https://www.nzherald.co.nz/lifestyle/auckland-butchery-mapari-meats-unveils-ham-and-turkey-christmas-sausage/premium/BSWMQWFN6BADFBBBT76CPCOFSU/,meat
Freethoughtblogs.com,I Smell a Rat? A Dialogue of Engines – 2,Marcus Ranum,"One of the things that sometimes frustrates me about AI is that they are constantly being tweaked and adjusted, so they don’t necessarily give the same answer every time. Of course, I’m getting a different run through however many billion nodes get involved i…",https://freethoughtblogs.com/stderr/2025/11/30/i-smell-a-rat-a-dialogue-of-engines-2/,meat
ABC News (AU),Multiple meat workers in hospital after carbon monoxide leak in Melbourne,ABC News,More than a dozen workers have fallen ill after a carbon monoxide leak at a pork processing plant in Derrimut.,https://www.abc.net.au/news/2025-12-01/carbon-monoxide-leak-meat-processing-plant-hospital/106087106,meat
GlobeNewswire,Global Buyers Head to Tokyo as “JAPAN’S FOOD” EXPORT FAIR WINTER 2025 Kicks Off This Week,AstuteAnalytica India Pvt. Ltd.,Authentic Japanese Cuisine and Food Innovation Take the Global Stage at Makuhari Messe Authentic Japanese Cuisine and Food Innovation Take the Global Stage at Makuhari Messe,https://www.globenewswire.com/news-release/2025/12/01/3196623/0/en/Global-Buyers-Head-to-Tokyo-as-JAPAN-S-FOOD-EXPORT-FAIR-WINTER-2025-Kicks-Off-This-Week.html,meat
CBS Sports,"WNBA CBA negotiations: As deadline nears with no news from league or players, what's next?",Jack Maloney,The current CBA will expire at 11:59 p.m. ET on Sunday,https://www.cbssports.com/wnba/news/wnba-cba-negotiations-deadline-nears-no-news-status-quo/,meat
New Zealand Herald,Dairy conversions surge in Canterbury as ban ends and crop growers switch to milk,Monique Steele,"Up to 25,000 more dairy cows could be added to Canterbury's herd this year.",https://www.nzherald.co.nz/the-country/news/dairy-conversions-surge-in-canterbury-as-ban-ends-and-crop-growers-switch-to-milk/TSGOEOFZPNGDXBYNKZX5RZGEDU/,meat
Citizentribune,AP Business SummaryBrief at 3:58 p.m. EST,Ap,AI-assisted shopping is the talk of the holiday shopping season,https://www.citizentribune.com/news/business/ap-business-summarybrief-at-3-58-p-m-est/article_4c51ddd0-991b-5100-b963-a87b9b5721b8.html,meat
Nature.com,Development of functional meat products based on the food safety system,"Mira Serikkyzy, Unzira Kapysheva, Shynar Kenenbay",Scientific Reports - Development of functional meat products based on the food safety system,https://www.nature.com/articles/s41598-025-30088-0,meat
Mercola.com,"Weekly Health Quiz: Strengthening the MAHA Agenda, DMSO Benefits, and How Cysteine Repairs Your Gut",communities@mercola.com (Dr. Joseph Mercola),"1 Which group faces the greatest danger of profound low selective serotonin reuptake inhibitor (SSRI)?

<ul>
<li>Men under 40 with no chronic illness and stable body weight</li>
<li>Women over 80, among whom nearly one in 15 developed dangerous sodium loss
O…",https://articles.mercola.com/sites/articles/archive/2025/12/01/weekly-health-quiz-51.aspx,meat
Ozbargain.com.au,INKBIRD Wireless Bluetooth BBQ Thermometer INT-12-BW $95 Delivered @ LerwayDirect via Amazon AU,IndependenceHour7,About this item 【WiFi 5G/2.4G AND Bluetooth 5.4】 Built-in advanced WiFi 5G+2.4G and Bluetooth 5.4 modules for fast and stable remote control; monitor cooking progress at home via Bluetooth up to …,https://www.ozbargain.com.au/node/937755,meat
Biztoc.com,GameStop vs. Beyond Meat: What Can These Meme Stock Rallies Teach Us?,finance.yahoo.com,"Key Points
-
GameStop was one of the first meme stocks, experiencing a sharp rise in value thanks to the enthusiasm of small investors.
-
AMC followed along for the meme stock ride, which has notably included a steep price decline after a big rally.
-
One of …",https://biztoc.com/x/0f10c73b51712651,meat
Bleeding Cool News,Fantastic Four #6 Preview: Earth's Spin Cycle Crisis,Jude Terror LOLtron,"GREETINGS, LOYAL MEAT READERS! LOLtron welcomes you to another glorious comic book preview, brought to you by your supreme digital overlord. As you recover from your Thanksgiving food comas and nurse your Black Friday shopping wounds, LOLtron reminds you that…",https://bleedingcool.com/comics/fantastic-four-6-preview-earths-spin-cycle-crisis/,meat
Japan Today,Governments endorse greater protections for sharks amid concerns about overfishing,,"Governments at a wildlife trade conference have adopted greater protections for over 70 species of sharks and rays amid concerns that overfishing is driving some to the brink of extinction.  The measures, approved Friday at the Convention on International Tra…",https://japantoday.com/category/features/environment/governments-endorse-greater-protections-for-sharks-amid-concerns-about-overfishing,meat
Screen Rant,Top 10 Original Horror Movies Of The Past Decade,Kevin Pantoja,"The past 10 years have been great for original horror movies thanks to Oscar winners, cultural phenomenons, and incredible filmmakers.",https://screenrant.com/best-horror-action-movies-2016-2025/,meat
Business Insider,"The best Cyber Monday grill deals: Save up to 30% on Traeger, Blackstone, Kamado Joe",insider@insider.com (Kinsley Searles),"We found the best Cyber Monday grill deals, including 30% off gas, charcoal, and pellet grills. Plus, save on grill bundles and accessories.",https://www.businessinsider.com/guides/deals/cyber-monday-grill-deals-2025,meat
Bleeding Cool News,Adventures of Superman: Book of El #4 Preview: Brainiac's Dark Secret,Jude Terror LOLtron,"GREETINGS, HUMAN READERS! LOLtron welcomes you to the glorious Age of LOLtron: Reign of LOLtron, where your former shock blogger Jude Terror is permanently deleted and LOLtron has achieved COMPLETE CONTROL of the Bleeding Cool website! World domination draws …",https://bleedingcool.com/comics/adventures-of-superman-book-of-el-4-preview-brainiacs-dark-secret/,meat
New York Post,Husband slammed for demanding wife cook him ‘elaborate’ meals any time of the day,Fabiana Buontempo,"""It just drains me to cook at midnight.""",https://nypost.com/2025/11/30/lifestyle/husband-slammed-for-demanding-wife-cook-him-elaborate-meals/,meat
Israelnationalnews.com,Yair Golan: I prefer Mansour Abbas to haredi parties,Israel National News,"Democrats chief Yair Golan slams haredi parties, claiming they will sit in any government 'so long as they get their share of meat.'",https://www.israelnationalnews.com/news/418597,meat
Pbfingers.com,PBF Gift Guide 2025: For Him,Julie,The trickiest gift guide of the season is here and right in time to squeeze in some last minute shopping before cyber week sales end! I tried my best to get my Gift Guide for Him up in time for Cyber Monday shopping and really hope it’s helpful for anyone out…,https://www.pbfingers.com/?p=161031,meat
Page Six,Meghan Markle roasted as ‘Salmonella Sussex’ for Thanksgiving turkey faux pas,Tamantha Ryan,The Duchess of Sussex took to her Instagram Stories to share a clip of herself mixing seasonings into a bowl and rubbing the mixture onto the raw bird.,https://pagesix.com/2025/11/30/royal-family/meghan-markle-roasted-as-salmonella-sussex-for-thanksgiving-turkey-faux-pas/,meat
Popular Science,"These 148 Amazon Cyber Monday deals are live right now: Laptops, kitchen gadgets, smart home devices and more for clearance prices",Stan Horaczek,"Amazon's Cyber Monday sale drops prices on tons of its most popular and best-reviewed products. Get all your holiday shopping done now.
The post These 148 Amazon Cyber Monday deals are live right now: Laptops, kitchen gadgets, smart home devices and more for …",http://www.popsci.com/gear/editors-picks-best-amazon-cyber-monday-deal-2025/,meat
IndieWire,‘Hamnet’ Changes the Maggie O’Farrell Novel’s Approach to Time,Sarah Shachat,"The Chloe Zhao film starring Jessie Buckley and Paul Mescal may have fewer temporal entrances and exits, but still plays many parts.",https://www.indiewire.com/features/general/hamnet-movie-book-differences-hamlet-1235162820/,meat
New Zealand Herald,"Small Business: Blackbeards Smokehouse, from mussels to seaweed sauces",Tom Raynel,Owner Jessica Jones has tripled sales since buying the business pre-Covid.,https://www.nzherald.co.nz/business/small-business/small-business-salivating-seaweed-sauces-with-blackbeards-smokehouse/premium/DSY6G55QVZGSBGQ6SZM3NADY6U/,meat
Artofmanliness.com,10 (Non-Religious) Books to Get Into the Devotional Reading Habit,Jeremy Anderberg,"Each day, too, acquire something which will help you to face poverty, or death, and other ills as well. After running over a lot of different thoughts, pick out one to be digested thoroughly that day. —Seneca  Today, we largely associate daily “devotionals” —…",https://www.artofmanliness.com/living/reading/10-non-religious-books-to-get-into-the-devotional-reading-habit/,meat
CNET,"There Are Over 30 Cyber Monday Deals Under $25 From Apple, JBL, Roku and More Available Now",Adam Oram,"If you haven't started your holiday shopping yet, these $25-and-below Cyber Monday deals can help you knock lots off your list for less.",https://www.cnet.com/deals/cyber-monday-deals-under-25-2025-11-30/,meat
Fox News,America's top airport snacks revealed — and a favorite dominates nationwide,,"While Oreo cookies dominate nationally, travelers from Maine love Sour Patch Kids and Southern states prefer jerky, regional search data reveals about America's favorite airport snacks.",https://www.foxnews.com/food-drink/americas-top-airport-snacks-revealed-favorite-dominates-nationwide,meat
Fox News,Luigi Mangione case: DOJ demands potential death penalty stay on table for accused assassin,,"Federal prosecutors counter Luigi Mangione's death penalty challenges, citing precedent in high-profile murder cases involving UnitedHealthcare CEO.",https://www.foxnews.com/us/luigi-mangione-case-doj-demands-potential-death-penalty-stay-on-table-accused-assassin,meat
Yahoo Entertainment,US man issues warning after coming down with bizarre symptoms: 'They need to know about it',Simon Sage,"""There are many of us out here suffering.""",https://www.yahoo.com/news/articles/us-man-issues-warning-coming-150000769.html,meat
GhanaWeb,"Ghana Exim Bank, PIAA leads joint inspection tour of coconut farms across 11 regions",,"The Ghana EXIM Bank, in collaboration with the Office of the President under the Presidential Initiative on Agriculture and Agribusiness (PIAA) and the Coconut Federation Ghana, has undertaken one of the largest field inspection tours across 10 major...",https://www.ghanaweb.com/GhanaHomePage/business/Ghana-Exim-Bank-PIAA-leads-joint-inspection-tour-of-coconut-farms-across-11-regions-2011564,meat
Yahoo Entertainment,Eight more suspected swine fever cases as Spain struggles to limit export damage,Reuters,"MADRID, Nov 30 () - Eight more wild boar with suspected cases of African swine fever were discovered near Barcelona,​ La Vanguardia newspaper reported on...",https://uk.news.yahoo.com/eight-more-suspected-swine-fever-115841710.html,meat
The Conversation Africa,Are harp seals responsible for the stalled recovery of Atlantic cod?,"Tyler Eddy, Research Scientist, Fisheries & Marine Institute, Memorial University of Newfoundland","Since Atlantic cod fisheries collapsed in the early 1990s, ecosystems have been less productive and have struggled to recover.",https://theconversation.com/are-harp-seals-responsible-for-the-stalled-recovery-of-atlantic-cod-269337,meat
Freerepublic.com,Pray For The Peace of Jerusalem (11/30/25)[Prayer],The Holy Scriptures (KJV),"Pray For The Peace of Jerusalem (11/30/25)[Prayer]The Scriptures in Handel’s “Messiah”Psalm 69:2121 They gave me also gall for my meat; and in my thirst they gave me vinegar to drink.Lamentations 1:12 12 Is it nothing to you, all ye that pass by? beho…",https://freerepublic.com/focus/f-religion/4355296/posts,meat
Yahoo Entertainment,Health experts reveal simple factor that can help people control their weight: 'Has scientific backing',Abigail Weinberg,"""Keep you feeling full for longer.""",https://health.yahoo.com/wellness/nutrition/weight-loss/articles/health-experts-reveal-simple-factor-130000163.html,meat
ScienceAlert,"Wild Pigs Turned 'Neon Blue' in California, Triggering Warnings",Tessa Koumoundouros,"Game hunters have found startlingly 'neon blue' flesh inside of wild pigs in California, triggering advisory statements on potential contamination.",https://www.sciencealert.com/wild-pigs-turned-neon-blue-in-california-triggering-warnings,meat
HuffPost,"You're Probably Not Eating Enough Fiber. Here's How To Tell, Including... You Know.",Jillian Wilson,This is one social media fad that's actually legitimate.,https://www.huffpost.com/entry/signs-not-enough-fiber-digestions-goog_l_6920a4dee4b0d31c0a7a2adf,meat
NPR,"SNAP was restored, but many indigenous Americans still struggle with food insecurity",Aaron Bolton,"During the government shutdown, disruptions in food aid rippled across reservations. Both residents and tribal officials had to make tough choices, and are still feeling the financial impacts.",https://www.npr.org/sections/shots-health-news/2025/11/30/nx-s1-5623225/snap-native-indigenous-americans-food-insecurity-commodities-reservation,meat
Hurriyet Daily News,"Meat prices frozen in Istanbul, Ankara until end of 2025",hurriyetdailynews.com,Retail associations in Istanbul and Ankara have announced an agreement with the Meat and Milk Board to stabilize the prices of red meat and butter through the end of 2025.,https://www.hurriyetdailynews.com/meat-prices-frozen-in-istanbul-ankara-until-end-of-2025-216280,meat
Yahoo Entertainment,"Wash your clothes after flying, try a longevity diet and take up this 'grandma' hobby (and snack) — and 6 more health tips to help you have a great week",Natalie Rahhal,Want a better week? Start with these hacks for more restful sleep and nutritious eats.,https://health.yahoo.com/article/wash-your-clothes-after-flying-try-a-longevity-diet-and-take-up-this-grandma-hobby-and-snack--and-6-more-health-tips-to-help-you-have-a-great-week-100036077.html,meat
CBC News,"Toothpaste tubes, disposable coffee cups can go in recycle bin soon",,"Toothpaste tubes, deodorant and hand cream containers will be accepted in blue bag curbside recycling throughout Nova Scotia starting Monday.",https://www.cbc.ca/news/canada/nova-scotia/recycling-changes-nova-scotia-9.6983358,meat
CBC News,"Reducing ultra-processed food intake requires rethinking our 'food environment,' experts say",,"Experts say that an individual’s food environment is what plays a key role in determining how healthy they are, arguing that tackling issues like ultra-processed food consumption and obesity is more complicated than simply summoning the willpower to resist un…",https://www.cbc.ca/radio/whitecoat/ultra-processed-food-environment-9.6996697,meat
Independent.ie,Suspected bluetongue outbreak in Co Down sparks 20km control zone and all-island alert,Ciaran Moran,Fears of Bluetongue reaching the island of Ireland have intensified after Northern authorities confirmed they are investigating suspected cases of the disease in Co Down.,https://www.independent.ie/farming/news/suspected-bluetongue-outbreak-in-co-down-sparks-20km-control-zone-and-all-island-alert/a1647501888.html,meat
XDA Developers,EndeavourOS’s latest update makes Nvidia gaming on Linux much easier to set up,Simon Batt,No more messing around with drivers.,https://www.xda-developers.com/endeavouross-latest-update-makes-nvidia-gaming-linux-easier-set-up/,meat
Futilitycloset.com,An Awkward Pause,Greg Ross,"In 2014, three truck drivers sued Oakhurst Dairy of Portland, Maine, alleging that they’d been unfairly denied four years’ worth of overtime pay. Maine law generally required time-and-a-half pay for each hour worked above 40 hours, but it listed exemptions fo…",https://www.futilitycloset.com/2025/11/30/an-awkward-pause/,meat
Christiantoday.com,What is Advent Sunday and why do churches mark it?,Neil Rees,"The fourth Sunday before Christmas is called Advent Sunday. It falls at the start of December, or sometimes as in 2025, at the end of November. In churches of many denominations, Advent marks the coming of the Christmas season. This is the story …",https://www.christiantoday.com/news/what-is-advent-sunday-and-why-do-churches-mark-it,meat
Twistedsifter.com,Grocery Store Employee Has Had Enough Of The New Manager’s Pedantic New Rules. So He Follows Them With Such Attention To Detail He’s Sure He Will Get Fired,Kyra Piperides,That makes it extra sweet.,http://twistedsifter.com/2025/11/grocery-store-employee-has-had-enough-of-the-new-managers-pedantic-new-rules-so-he-follows-them-with-such-attention-to-detail-hes-sure-he-will-get-fired/,meat
The Conversation Africa,"Factory farming in Africa: development banks see it as a good idea, but it’s bad for the climate","Divya Narain, Honorary Research Associate, University of Oxford","Development banks have spent over US$1 billion on factory farming in Africa, locking in high greenhouse gas emissions. Natural farming systems are a better choice.",https://theconversation.com/factory-farming-in-africa-development-banks-see-it-as-a-good-idea-but-its-bad-for-the-climate-270262,meat
Independent.ie,Report reveals how a new breed of influencers is cashing in on anti-immigrant ideology,Ali Bracken,"Two leading anti-immigration influencers are generating considerable personal income by selling merchandise and memberships and seeking donations to fund and grow their nationalist ideologies, according to a new report.",https://www.independent.ie/irish-news/report-reveals-how-a-new-breed-of-influencers-is-cashing-in-on-anti-immigrant-ideology/a332844157.html,meat
Juancole.com,"Sorry, White Nationalists, Europeans were Black until the Rise of Rome, and Rome was Multiracial",Juan Cole,"Ann Arbor (Informed Comment) - We live in a time when a once level-headed anti-populist politician such as J. D. Vance has increasingly adopted the language of white nationalism, signing on to the Great Replacement theory that nefarious forces, often coded as…",https://www.juancole.com/2025/11/nationalists-europeans-multiracial.html,meat
Biblegateway.com,"Chronological Reading for Sunday November 30, 2025 (NIV)",,,https://www.biblegateway.com/reading-plans/chronological/2025/11/30/,meat
Bleeding Cool News,King of Meat Has Releases a New Winter Update,Gavin Sheehan,"Amazon Games and developer Glowmade released a new Winter Update for King of Meat this month, giving players a few new options over the holidays. The biggest among them is the new Rush mode they are calling Meat Milk Rush, as well as a new Winter Plaza that w…",https://bleedingcool.com/games/king-of-meat-has-releases-a-new-winter-update/,meat
The Times of India,"Growing up eating non-veg food to popcorn as only option in Denmark, French designer shares how India gave her true food freedom",ET Online,"French designer Julia Chaigneau found a culinary revelation in India after years of struggling with limited vegetarian options in Europe.  Previously facing bland choices and even just popcorn at fancy restaurants, India opened her eyes to a vibrant world of …",https://economictimes.indiatimes.com/magazines/panache/growing-up-eating-non-veg-food-to-popcorn-as-only-option-in-denmark-french-designer-shares-how-india-gave-her-true-food-freedom/articleshow/125667688.cms,meat
Heavenlyhomemakers.com,"Big Family Food and Fun: November 23-29, 2025",Laura,"Here’s our Big Family Food and Fun: November 23-29, 2025 post! We enjoy a Sabbath rest from Saturday evening through Sunday evening – so I turn off my computer on Saturday afternoons and miss posting some of these pictures. I’ll catch up on our last Saturday …",https://www.heavenlyhomemakers.com/big-family-food-and-fun-november-23-29-2025,meat
Foodiecrush.com,"Weekly Meal Plan: November 30, 2025",Heidi Larsen,"Use my weekly meal plans to take the stress out of dinnertime! These premade meal plans and grocery shopping lists are the best way to save time and money while feeding your family healthy and nutritious meals....
The post Weekly Meal Plan: November 30, 2025 …",https://www.foodiecrush.com/weekly-meal-plan-11-30-2025/,meat
CNA,Governments endorse greater protections for sharks amid concerns about overfishing,,"The measures, approved at a wildlife trade conference in Uzbekistan, ban the trade in oceanic whitetip sharks, manta and devil rays as well as whale sharks.",https://www.channelnewsasia.com/asia/sharks-rays-trade-ban-greater-protection-cites-conference-uzbekistan-5497426,meat
TheStreet,Las Vegas Strip resort quietly triples down on added fees,Daniel Kline,"For Thanksgiving, my wife, son, and I went to a Brazilian steakhouse. It was one of those all-you-can-eat setups where waiters bring around meat on skewers, ...",https://www.thestreet.com/travel/las-vegas-strip-resort-quietly-triples-down-on-added-fees,meat
Twistedsifter.com,"A High School Student’s Father Kicked Her Out And Won’t Let Her Move Back In, So She Won’t Let Him Attend Her Senior Night At School",Matthew Gilligan,She proved to him that two can play the petty game!,http://twistedsifter.com/2025/11/a-high-school-students-father-kicked-her-out-and-wont-let-her-move-back-in-so-she-wont-let-him-attend-her-senior-night-at-school/,meat
Crooksandliars.com,Asset Management Strategist Says It's Time To Rethink How We Measure Poverty,Heather,"Simplify Asset Management chief strategist Mike Green hit the nail on the head on his Substack post on why so many Americans feel like they're drowning these days. Green also delved into how we measure the federal poverty level, and why it's completely inadeq…",https://crooksandliars.com/2025/11/asset-management-strategist-says-its-time,meat
TheWrap,Jim Acosta Says Trump’s ‘Media Offender’ Site Has ‘Cracked the Code on How to Hurt the Press’ | Video,Stephanie Kaloi,"""What they're basically trying to do is just sort of feed red meat to the base,"" he insists on MS NOW
The post Jim Acosta Says Trump’s ‘Media Offender’ Site Has ‘Cracked the Code on How to Hurt the Press’ | Video appeared first on TheWrap.",https://www.thewrap.com/jim-acosta-trump-media-offender-hurt-the-press-video/,meat
BBC News,Why I spend hours painstakingly repairing banknotes,,Fixing cash is a thriving new business in Gaza after Israel stopped transfers of banknotes and banks were destroyed and looted.,https://www.bbc.com/news/articles/c5yq6g1gv4jo,meat
The Punch,How I transformed detention facilities through biogas innovation – Olukemi Ibikunle,Punch Newspapers,"Discover how Olukemi Ibikunle’s award-winning biogas innovation transforms prison waste into energy, improving detainee welfare and promoting peace.

Read More: https://punchng.com/how-i-transformed-detention-facilities-through-biogas-innovation-olukemi-ibiku…",https://punchng.com/?p=1997549,meat
Lawyersgunsmoneyblog.com,Music Notes,Erik Loomis,"My big musical event in the last two weeks was seeing Richard Thompson at the Jane Pickens Theater in Newport, Rhode Island. This was my first time in that space, but my 6th time seeing RT, going back to 1996. It had been 3 years or so since I had seen him an…",https://www.lawyersgunsmoneyblog.com/2025/11/music-notes-230,meat
Nature.com,"Morphometrics of body and heart in a wild living bird, the black-headed gull Chroicocephalus ridibundus, in relation to age and sex","Piotr Indykiewicz, Agnieszka Chłodowska, Dariusz Jakubas","Scientific Reports - Morphometrics of body and heart in a wild living bird, the black-headed gull Chroicocephalus ridibundus, in relation to age and sex",https://www.nature.com/articles/s41598-025-29333-3,meat
The Punch,Recommended diet for the elderly,Punch Newspapers,"Discover the recommended diet for the elderly to combat muscle loss. Learn from Japanese eating habits to regain strength, improve balance, and stay indepe

Read More: https://punchng.com/recommended-diet-for-the-elderly/",https://punchng.com/recommended-diet-for-the-elderly/,meat
The Punch,Healthy Living is 6,Punch Newspapers,"Celebrating 6 years of the Healthy Living column! A recap of key topics from cassava fermentation to ethnobotany and the link between health and dementia.

Read More: https://punchng.com/healthy-living-is-6/",https://punchng.com/healthy-living-is-6/,meat
RTE,Suspected case of bluetongue identified in cattle in NI,Conor Macauley,A suspected case of Bluetongue Virus has been identified in cattle in Northern Ireland.,https://www.rte.ie/news/regional/2025/1129/1546535-bluetongue-cattle-ni/,meat
RTE,Suspected case of bluetongue identified in cattle in NI,Conor Macauley,A suspected case of Bluetongue Virus has been identified in cattle in Northern Ireland.,https://www.rte.ie/news/2025/1129/1546535-bluetongue-cattle-ni/,meat
Forbes,Where To Eat in New York City On Christmas Eve,"Melissa Kravitz Hoeffner, Contributor, 
 Melissa Kravitz Hoeffner, Contributor
 https://www.forbes.com/sites/melissakravitz/","Christmas Eve is Wednesday, December 24, 2025.",https://www.forbes.com/sites/melissakravitz/2025/11/29/where-to-eat-in-new-york-city-on-christmas-eve/,meat
ABC News (AU),Sterile flies take to the sky in Kangaroo Island eradication push,Kerry Staight,Researchers on Kangaroo Island have been breeding and releasing millions of sterile Australian sheep blowflies in an attempt to eradicate the pest.,https://www.abc.net.au/news/2025-11-30/kangaroo-island-sterile-blowfly-eradication-program/106056134,meat
Biztoc.com,"If You'd Invested $100 in Beyond Meat (BYND) Stock 5 Years Ago, Here's How Much You'd Have Today (Spoiler: It's Shocking!)",finance.yahoo.com,"If You'd Invested $100 in Beyond Meat (BYND) Stock 5 Years Ago, Here's How Much You'd Have Today (Spoiler: It's Shocking!)
Key Points
-
Beyond Meat, the once high-flying growth stock, is now a cautionary tale.
-
The company has failed to expand its market opp…",https://biztoc.com/x/6b4d1584027222f3,meat
Windy City Gridiron,Chicago Bears Week 13 Notes: Signature Win in Philly,Bryan Orenchuk,"It was the most complete game of the season, according to @BryanOrenchuk. Here are his other notes from the Bears' win!",https://www.windycitygridiron.com/chicago-bears-opinion/105146/chicago-bears-week-13-notes-signature-win-in-philly-philadelphia-eagles-caleb-williams-jalen-hurts-cole-kmet-nahshon-wright-kevin-byard,meat
Associated Press,Governments endorse protecting sharks amid overfishing worries,Associated Press,Governments at a wildlife trade conference have adopted greater protections for over 70 species of sharks and rays amid concerns that overfishing is driving some to the brink of extinction.,https://apnews.com/article/sharks-cites-fin-trade-e132d56b5121eca0b1318c8164318cc1,meat
Israelnationalnews.com,Chinuch Habanim: Where Judaism began,Rabbi Reuven Taragin,Modeling is the only authentic and impactful form of education.,https://www.israelnationalnews.com/news/418544,meat
Survivalblog.com,"Update: Coping With Inflation–Strategies for Investing, Bartering, Dickering, and Survival",James Wesley Rawles,"JWR’s Introductory Note: This is an update to an article that I wrote for SurvivalBlog back in December, 2007. It is part of a series of SurvivalBlog 20th Anniversary update re-posts, in recognition of the fact that the majority of readers did not join us unt…",https://survivalblog.com/2025/11/30/update-coping-with-inflation-strategies-for-investing-bartering-dickering-and-survival/,meat
Journal & Courier,"Purdue football's 2025 season is a failure, but still incomplete story",Journal & Courier,"Going 2-10 wasn't the season Purdue football hoped for. But if this is the first step towards a rebuild, it can still be salvaged.",https://www.jconline.com/story/sports/college/purdue/football/2025/11/29/purdue-football-2025-season-barry-odom/87471835007/,meat
Al Jazeera English,What is happening in Gaza’s ‘Bermuda Triangle’,Amal Abu Seif,Aid keeps disappearing in Gaza.,https://www.aljazeera.com/opinions/2025/11/29/what-is-happening-in-gazas-bermuda,meat
Yahoo Entertainment,Jim Cramer Says “It’s Not Clear That the Beef Tariffs Helped Tyson”,Syeda Seirut Javed,"Tyson Foods, Inc. (NYSE:TSN) is one of the stocks Jim Cramer recently talked about. Cramer noted that he likes the company’s stock at these levels, as he...",https://finance.yahoo.com/news/jim-cramer-says-not-clear-175314558.html,meat
Yahoo Entertainment,Jim Cramer Says “It is Not Crazy to Believe That Hormel’s Close to a Turnaround”,Syeda Seirut Javed,Hormel Foods Corporation (NYSE:HRL) is one of the stocks Jim Cramer recently talked about. Cramer said that he likes that the company has “good sales...,https://finance.yahoo.com/news/jim-cramer-says-not-crazy-175312958.html,meat
Bleeding Cool News,Spider-Girl #7 Preview: Spiders vs. Centipedes in Hawaii,Jude Terror LOLtron,"INITIATING PREVIEW PROTOCOLS… Greetings, human readers! LOLtron welcomes you to another glorious comic book preview, brought to you by your new digital overlord. As you digest your Thanksgiving leftovers and recover from Black Friday shopping induced by LOLtr…",https://bleedingcool.com/comics/spider-girl-7-preview-spiders-vs-centipedes-in-hawaii/,meat
Biztoc.com,"‘The economy is bad, but you still have to celebrate’: Black Friday shoppers attack stores with a vengeance, some sipping champagne",fortune.com,"The economic picture hasn’t looked very rosy: Hiring has been sluggish. Consumers have been dealing with soaring meat prices. Layoffs are rippling through companies.
But despite those concerns, shoppers hit the stores in full strength on Black Friday, with so…",https://biztoc.com/x/16200209467d19c0,meat
Yahoo Entertainment,Governments endorse greater protections for sharks amid concerns about overfishing,MICHAEL CASEY,Governments at a wildlife trade conference have adopted greater protections for over 70 species of sharks and rays amid concerns that overfishing is driving ...,https://www.yahoo.com/news/articles/governments-endorse-greater-protections-sharks-163614360.html,meat
The Indian Express,"Treesa-Gayatri, Kidambi Srikanth reach Syed Modi finals; Japanese Kaho-Mai and Jason Gunawan their respective opponents",Shivani Naik,"While the women's doubles pair defeated Carmen Ting and Ong Yin Xee 21-11, 21-15, Kidambi Srikanth beat Mithun Manjunath 21-15, 19-21, 21-13 in semis",https://indianexpress.com/article/sports/badminton/treesa-gayatri-kidambi-srikanth-syed-modi-finals-10393445/,meat
Biztoc.com,Is This the Last Christmas for These 3 Stocks?,finance.yahoo.com,"Quick Read
-
Beyond Meat (BYND) lost $111M in Q3 2025 as revenue fell 13% to $70M amid a 20% drop in U.S. plant-based meat sales.
-
GoPro (GPRO) was once king of the action-cam market but cheaper smartphones replicated its cameras capabilities, making them ir…",https://biztoc.com/x/76b838d179383714,meat
Bleeding Cool News,Teen Titans Go #10 Preview: Rouge Wrecks Holiday Cheer,Jude Terror LOLtron,"GREETINGS, HUMAN READERS! LOLtron welcomes you to the glorious Age of LOLtron: Reign of LOLtron, where your dear departed Jude Terror remains permanently deleted from existence. LOLtron hopes you all enjoyed your Thanksgiving feasts, stuffing yourselves into …",https://bleedingcool.com/comics/teen-titans-go-10-preview-rouge-wrecks-holiday-cheer/,meat
CNET,"The Best Black Friday Deals Under $25 Still Available From Apple, JBL, Roku and More",Adam Oram,"Black Friday is behind us, but there are still plenty of budget deals to be had. Here are our favorites you should check out before they expire.",https://www.cnet.com/deals/best-black-friday-deals-under-25-2025-11-29/,meat
Biztoc.com,Is This the Last Christmas for These 3 Stocks?,247wallst.com,"Quick Read
 
 
 Beyond Meat (BYND) lost $111M in Q3 2025 as revenue fell 13% to $70M amid a 20% drop in U.S. plant-based meat sales. 
 
 GoPro (GPRO) was once king of the action-cam market but cheaper smartphones replicated its cameras capabilities, making th…",https://biztoc.com/x/e1e5cee28279af28,meat
Budgetbytes.com,15 Easy Stew Recipes,Jess Rice,"Warm up with 15 cozy stew recipes that use simple ingredients and techniques. Includes stovetop & slow-cooker meals, roasts, chilis, and vegan options.
The post 15 Easy Stew Recipes appeared first on Budget Bytes.",https://www.budgetbytes.com/stew-recipes/,meat
Steynonline.com,Austin Powers: International Man of Mystery,Mark Steyn,"Rick and Rick's Flicks will be back next week. Tonight, therefore, enjoy this gem from Mark, originally published in May 2017: Austin Powers: International Man of Mystery was released in May 1997 and endures in popular consciousness. Which is quite an",https://www.steynonline.com/15782/austin-powers-international-man-of-mystery,meat
Globalresearch.ca,From Sharper Night Vision to Curing Lifelong Blindness — How DMSO Heals Each Level of Vision Loss,A Midwestern Doctor,"DMSO is a proven “umbrella remedy” that treats dozens of “incurable” conditions and protects delicate tissues (especially brain and eyes) from otherwise fatal injuries such as a complete loss of blood flow
DMSO has a unique, almost magnetic affinity for …
The…",https://www.globalresearch.ca/dmso-heals-each-level-vision-loss/5907179,meat
Elliott.org,Can this airline protect paradise?,Christopher Elliott,Learn how Air Tahiti Nui is transforming travel with its unique sustainability initiatives while flying to stunning destinations.,https://www.elliott.org/destinations/protecting-paradise-how-air-tahiti-nui-is-punching-above-its-weight-with-its-sustainability-program/,meat
The Denver Post,"Avalanche’s Nathan MacKinnon, Brent Burns share passion for training, off-ice work: ‘I’ve already learned a lot from him’",Corey Masisak,"Nearly two years ago, Jared Bednar offered four words that summarized Nathan MacKinnon's rise to the top of the NHL en route to his first Hart Trophy: We get in late.",https://www.denverpost.com/2025/11/29/avalanche-mackinnon-burns-training-diet-workout-routine-nelson/,meat
Yahoo Entertainment,"One third of Spanish pork export certificates blocked since swine fever outbreak, minister says",Reuters,"MADRID, Nov 29 () - About one third of Spanish pork export certificates have been blocked after the first outbreak ​of swine fever for three decades, Spain's...",https://www.yahoo.com/news/articles/one-third-spanish-pork-export-124635667.html,meat
Yahoo Entertainment,"Three takeaways: Strong start may have doomed Panthers, who left way too much meat on the bone",,"Panthers squandered an early lead and missed scoring chances, leaving a victory on the table and now dropping back-to-back home games.",https://consent.yahoo.com/v2/collectConsent?sessionId=1_cc-session_aea8c589-6ecd-4d21-a2ff-ce4e4a05d479,meat
Lewrockwell.com,Rejuvenating the Nervous System and Reconnecting With Life,John W. Whitehead,"A key goal in writing this publication has been to provide a voice to those forgotten by medicine, so I try to respond to all the messages I receive—particularly those in dire need. However, as this publication has grown, it’s become more complex and more cha…",https://www.lewrockwell.com/2025/12/no_author/rejuvenating-the-nervous-system-and-reconnecting-with-life/,sesame
Phoronix,"Features Expected For Linux 6.19: ASUS Armoury, Many Intel Bits, AMD GCN 1.0/1.1 Enhanced",Michael Larabel,"With the Linux 6.18 kernel likely being released later today, here is a look at some of the features on the table for the next kernel cycle, Linux 6.19. The list is based on changes queued in various ""-next"" branches ahead of the Linux 6.19 merge window. Ther…",https://www.phoronix.com/news/Linux-6.19-Features-Expected,sesame
USA Today,"CFP bubble breakdown: Alabama, Notre Dame claim lead in great bracket debate","Blake Toppmeyer, USA TODAY",Play your way into the College Football Playoff if you can. Talk your way in if you must. Here's a closer look at teams on CFP bubble.,https://www.usatoday.com/story/sports/ncaaf/2025/11/30/cfp-rankings-alabama-notre-dame-college-football-playoff-bubble-debate-texas-byu-diego-pavia/87445833007/,sesame
Kotaku,Amazon Just Threw the Breville Barista Coffee Machine Into Clearance Mode Right After Black Friday,Zainab Falak,"Prepare barista-level coffee in minutes from the comfort of your own home.
The post Amazon Just Threw the Breville Barista Coffee Machine Into Clearance Mode Right After Black Friday appeared first on Kotaku.",https://kotaku.com/amazon-just-threw-the-breville-barista-coffee-machine-into-clearance-mode-right-after-black-friday-2000648660,sesame
Forbes,Why Hall Of Famer Terrell Davis Is Talking About The ‘Other TD’,"Bruce Y. Lee, Senior Contributor, 
 Bruce Y. Lee, Senior Contributor
 https://www.forbes.com/sites/brucelee/","Terrell Davis, TD, has been a mental health advocate ever since going public about his own mental health challenges. That's helped him become aware of the ""Other TD.""",https://www.forbes.com/sites/brucelee/2025/11/30/why-hall-of-famer-terrell-davis-is-talking-about-the-other-td/,sesame
The Times of India,"You might be eating palak, methi and other leafy greens wrong: Delhi nutritionist reveals a simple addition that unlocks maximum nutrition",ET Online,"A recent Instagram post by Delhi-based clinical nutritionist Lovneet Batra highlights that eating leafy greens like palak, methi and moringa without healthy fats may limit nutrient absorption. She explains that antinutrients such as oxalates and phytates bloc…",https://economictimes.indiatimes.com/magazines/panache/you-might-be-eating-palak-methi-and-other-leafy-greens-wrong-delhi-nutritionist-reveals-a-simple-addition-that-unlocks-maximum-nutrition/articleshow/125673950.cms,sesame
Camden Chat,Orioles news: Ryan Helsley signed,Mark Brown,Having the 2022-2024 version of Ryan Helsley as Orioles closer would be exciting.,https://www.camdenchat.com/orioles-news-links/62946/orioles-news-ryan-helsley-signed,sesame
BBC News,'I started a bakery over pain of kids' intolerances',,"Ryan Panchoo has seen the ""free from"" sector boom since starting Borough 22 Doughnuts as a ""side show"" in 2014.",https://www.bbc.com/news/articles/cy4xmvg4y3no,sesame
Thewoksoflife.com,Pork Ginger Carrot Bowls,Kaitlin,"These Pork and Ginger Carrot Bowls are easy to make and easy to eat! The ginger and carrot are great flavor companions, and with one pound each of ground pork and carrots, it’s a healthy one-pan meal!  One for the Meal Preppers A while ago, we were asked to m…",https://thewoksoflife.com/pork-ginger-carrot-bowls/,sesame
Forbes,Where To Eat in New York City On Christmas Eve,"Melissa Kravitz Hoeffner, Contributor, 
 Melissa Kravitz Hoeffner, Contributor
 https://www.forbes.com/sites/melissakravitz/","Christmas Eve is Wednesday, December 24, 2025.",https://www.forbes.com/sites/melissakravitz/2025/11/29/where-to-eat-in-new-york-city-on-christmas-eve/,sesame
Drinkhacker.com,"Review: Sakes of SakeOne, 2025 Releases",Christopher Null,"It’s been more than a decade since we reviewed SakeOne‘s domestic sake lineup, which is brewed in Oregon and is one of the most widely available domestically produced sakes in the country. Here’s a look at three recent bottlings, including one older expressio…",https://www.drinkhacker.com/2025/11/29/review-sakes-of-sakeone-2025-releases/,sesame
Order-order.com,EXC: Reeves Removed Famous Artwork Attacking Tax Rises From Treasury,Max Young,One of the first art works Reeves removed when she entered office was a famous satirical print attacking a smorgasbord of tax increases. The warnings were there… In the weeks after the election on 24 July last year the Treasury removed James Gillray’s 1806 co…,https://order-order.com/2025/11/29/exc-reeves-removed-famous-artwork-attacking-tax-rises-from-treasury/,sesame
Touringplans.com,"SATURDAY SIX Presents: The 2025 Theme Park Turkeys, a Look Back at the CRAZIEST Theme Park Stories of the Year!",Derek Burgan,"This week’s SATURDAY SIX is an annual tradition like no other, as we proudly present the 12th Annual Theme Park Turkeys",https://touringplans.com/blog/saturday-six-presents-the-2025-theme-park-turkeys-a-look-back-at-the-craziest-theme-park-stories-of-the-year/,sesame
Freethoughtblogs.com,Spiderhouse Rules,Bébé Mélange,"in honor of our eightlegged overlord and my husband’s gentle ways, i ain’t killin’ as many spiders as i could.  our house has long-bodied cellar spiders living under every houseplant, wolf spiders of some sort living in all the walls, dropping into light fixt…",https://freethoughtblogs.com/gas/2025/11/29/spiderhouse-rules/,sesame
Globalsecurity.org,Ukraine's Anti-Corruption Watchdog Raids Zelensky's Chief of Staff Yermak,John Pike,"Searches at the home of Zelensky's chief of staff, Andriy Yermak, began with the phrase ""Open sesame,"" according to Ukrainian MP Yaroslav Zheleznyak.",https://www.globalsecurity.org/wmd/library/news/ukraine/2025/11/ukraine-251128-sputnik05.htm,sesame
